age,1990,1991,1992,1993,1994,1995,1996,1997,1998,1999,2000,2001,2002,2003,2004,2005,2006,2007,2008,2009,2010,2011,2012,2013,2014,2015,2016,2017,2018,2019,2020,2021,2022,2023
0,957.329,967.759,975.092,988.054,1003.702,1031.272,1055.103,1082.408,1115.712,1142.184,1176.171,1214.527,1246.647,1272.534,1303.006,1334.62,1367.972,1404.65,1433.624,1452.416,1459.067,1447.725,1430.322,1411.838,1405.837,1408.077,1410.967,1411.923,1411.529,1402.806,1411.131,1427.737,1444.62,1461.379
1,918.765,928.846,938.38,944.618,957.155,971.866,998.968,1022.86,1050.698,1085.571,1113.531,1149.495,1188.641,1222.59,1250.331,1282.111,1315.295,1349.598,1387.872,1417.497,1435.729,1441.734,1431.3,1413.648,1394.943,1387.957,1394.685,1395.511,1393.872,1397.067,1390.73,1396.838,1417.155,1434.121
2,890.199,905.884,915.688,924.629,930.896,942.853,957.481,984.503,1008.646,1037.499,1072.951,1102.022,1137.993,1177.807,1212.441,1240.549,1272.957,1306.328,1341.491,1379.823,1408.749,1426.251,1432.686,1421.826,1403.849,1384.312,1380.578,1385.617,1384.349,1385.231,1388.706,1380.683,1390.744,1410.993
3,865.766,882.079,897.571,906.952,915.931,921.798,933.709,948.371,975.522,1000.466,1029.751,1065.947,1094.932,1131.355,1171.563,1206.304,1234.84,1267.277,1301.286,1336.432,1373.99,1402.091,1419.848,1425.772,1414.494,1395.687,1379.125,1373.834,1376.925,1377.959,1378.504,1380.443,1376.611,1386.66
4,837.549,860.258,876.469,891.617,901.061,909.696,915.565,927.503,942.326,970.09,995.38,1025.249,1061.281,1090.602,1127.292,1167.486,1202.498,1231.005,1263.933,1297.886,1332.215,1368.875,1397.14,1414.331,1419.742,1407.581,1391.659,1373.557,1366.358,1371.703,1372.583,1371.634,1377.461,1373.648
5,808.544,833.658,856.293,872.242,887.435,896.592,905.212,911.118,923.185,938.552,966.576,992.325,1022.05,1058.296,1087.817,1124.461,1164.833,1199.769,1228.668,1261.526,1294.627,1328.026,1364.803,1392.468,1409.092,1413.561,1404.255,1386.762,1366.754,1361.826,1367.592,1366.984,1369.329,1375.157
6,781.71,805.586,830.645,853.049,869.043,883.975,893.116,901.75,907.777,920.301,935.916,964.298,989.923,1019.823,1056.202,1085.678,1122.462,1162.743,1197.988,1226.825,1258.807,1290.953,1324.461,1360.614,1387.678,1403.329,1410.636,1399.728,1380.302,1362.592,1358.759,1363.039,1365.063,1367.412
7,753.853,779.317,803.151,828.01,850.433,866.2,881.097,890.243,898.966,905.39,918.126,934.06,962.321,988.095,1018.109,1054.426,1084.025,1120.729,1161.258,1196.435,1224.387,1255.396,1287.646,1320.525,1356.056,1382.121,1400.617,1406.282,1393.41,1376.298,1360.146,1354.853,1361.311,1363.339
8,730.305,751.862,777.287,800.954,825.817,848.028,863.759,878.64,887.857,896.91,903.526,916.534,932.382,960.759,986.63,1016.594,1053.003,1082.538,1119.452,1159.917,1194.201,1221.182,1252.289,1283.915,1316.171,1350.699,1379.582,1396.433,1400.128,1389.546,1374.105,1356.537,1353.267,1359.725
9,706.775,728.592,750.121,775.394,799.063,823.735,845.894,861.609,876.536,886.036,895.25,902.107,915.048,931.012,959.466,985.298,1015.346,1051.687,1081.412,1118.271,1157.859,1191.183,1218.261,1248.757,1279.775,1311.054,1348.323,1375.592,1390.51,1396.424,1387.448,1370.649,1355.056,1351.793
10,678.913,705.244,727.034,748.432,773.701,797.196,821.814,843.943,859.694,874.863,884.509,893.935,900.739,913.787,929.834,958.245,984.157,1014.149,1050.652,1080.332,1116.39,1155.095,1188.502,1215.025,1244.964,1275.089,1308.872,1344.66,1370.154,1387.091,1394.424,1384.224,1369.247,1353.671
11,655.945,677.492,703.792,725.455,746.86,771.953,795.394,819.975,842.126,858.114,873.415,883.266,892.622,899.539,912.667,928.682,957.164,983.018,1013.176,1049.622,1078.545,1113.766,1152.541,1185.414,1211.408,1240.501,1273.003,1305.381,1339.475,1366.878,1385.126,1391.3,1382.84,1367.879
12,633.145,654.539,676.077,702.231,723.911,745.122,770.156,793.561,818.163,840.571,856.698,872.222,881.968,891.44,898.45,911.527,927.631,956.029,982.078,1012.166,1047.757,1075.751,1111.05,1149.227,1181.504,1206.561,1238.296,1269.236,1299.734,1335.943,1364.824,1381.77,1389.84,1381.393
13,611.157,631.652,653.064,674.433,700.626,722.054,743.202,768.188,791.629,816.574,839.135,855.563,870.898,880.778,890.349,897.273,910.459,926.446,955.102,981.049,1010.115,1044.59,1072.682,1107.272,1144.734,1175.888,1204.088,1233.967,1262.677,1295.693,1333.715,1361.024,1380.166,1388.237
14,591.617,609.48,630.036,651.226,672.694,698.522,719.87,740.969,766.012,789.946,815.087,838.065,854.178,869.675,879.674,889.084,896.154,909.151,925.52,954.011,978.789,1006.597,1041.174,1068.47,1102.254,1138.442,1173.138,1199.245,1226.603,1258.16,1293.281,1329.506,1359.244,1378.376
15,570.658,589.66,607.646,627.908,649.267,670.24,695.953,717.239,738.437,764.178,788.374,814.105,836.583,852.906,868.539,878.277,887.869,894.655,908.192,924.331,951.488,974.864,1002.789,1036.466,1062.867,1095.229,1135.366,1167.712,1191.009,1221.546,1255.509,1288.613,1327.498,1357.213
16,551.4,568.356,587.548,605.158,625.673,646.369,667.212,692.837,714.262,736.418,762.496,787.501,812.518,835.253,851.741,866.984,876.951,886.131,893.652,906.868,921.601,947.285,970.785,997.774,1030.499,1055.423,1091.913,1129.583,1158.98,1185.6,1218.683,1250.533,1286.389,1325.234
17,534.701,548.717,565.941,584.655,602.619,622.289,642.826,663.579,689.373,712.029,734.614,761.733,785.799,811.13,834.047,850.013,865.526,874.945,885.057,892.168,903.976,917.288,943.086,965.673,991.734,1023.003,1051.968,1086.041,1120.814,1153.45,1182.567,1213.587,1248.107,1283.919
18,518.834,531.632,545.996,562.651,581.804,598.748,618.23,638.659,659.637,686.914,710.081,733.947,759.894,784.337,809.873,832.122,848.407,863.224,873.774,883.373,889.162,899.673,913.107,938.056,959.79,984.519,1019.485,1046.233,1077.64,1115.371,1150.28,1177.508,1210.974,1245.443
19,502.901,515.411,528.624,542.34,559.519,577.483,594.218,613.581,634.273,656.99,684.832,709.489,731.986,758.359,783.04,807.781,830.377,845.84,861.953,871.906,880.265,884.907,895.539,908.225,932.395,952.936,981.001,1013.95,1038.299,1072.364,1112.142,1145.318,1174.747,1208.154
20,483.132,499.179,512.156,524.649,538.96,554.82,572.545,589.155,608.814,631.445,654.798,684.289,707.399,730.382,757.011,780.8,805.919,827.57,844.479,859.91,868.7,876.021,880.792,890.749,902.75,925.831,949.413,975.649,1006.395,1033.166,1069.127,1107.277,1142.43,1171.801
21,464.781,479.19,495.726,507.928,521.065,533.963,549.57,567.154,584.092,605.84,629.147,654.295,682.082,705.713,728.981,754.64,778.835,802.923,826.109,842.285,856.615,864.473,871.914,876.088,885.431,896.473,922.306,944.232,968.476,1001.394,1029.929,1064.377,1104.296,1139.373
22,445.952,460.69,475.613,491.32,504.191,515.85,528.49,543.953,561.872,581.003,603.451,628.636,651.995,680.309,704.233,726.493,752.569,775.677,801.363,823.765,838.903,852.372,860.344,867.234,870.862,879.337,892.934,917.238,937.339,963.58,998.116,1025.249,1061.321,1101.144
23,428.078,441.785,457.04,471.116,487.483,498.839,510.228,522.728,538.537,558.684,578.527,602.897,626.229,650.142,678.73,701.618,724.314,749.261,774.007,798.879,820.266,834.596,848.164,855.615,861.986,864.82,875.713,887.899,910.469,932.455,960.232,993.413,1022.097,1058.075
24,410.721,423.895,438.116,452.515,467.248,482.071,493.149,504.397,517.25,535.294,556.132,577.911,600.4,624.284,648.487,676.008,699.326,720.894,747.475,771.406,795.29,815.891,830.314,843.37,850.327,855.941,861.096,870.655,881.218,905.568,929.016,955.513,990.159,1018.764
25,391.6,406.572,420.243,433.617,448.648,461.857,476.376,487.305,498.9,513.965,532.683,555.418,575.329,598.363,622.525,645.689,673.608,695.8,718.99,744.758,767.7,790.782,811.454,825.355,837.892,844.087,852.037,855.867,863.793,876.186,901.997,924.162,952.162,986.703
26,372.165,387.533,402.968,415.808,429.786,443.323,456.23,470.575,481.834,495.578,511.295,531.863,552.746,573.195,596.497,619.644,643.205,669.994,693.757,716.168,740.875,762.938,786.085,806.16,819.488,831.166,839.921,846.407,848.461,858.405,872.442,896.837,920.67,948.58
27,353.183,368.209,384.009,398.624,412.034,424.569,437.796,450.532,465.165,478.482,492.841,510.35,529.118,550.509,571.222,593.541,617.061,639.542,667.814,690.823,712.091,735.788,757.927,780.389,799.79,812.141,826.689,833.784,838.247,842.605,854.419,866.902,893.175,916.927
28,334.153,349.359,364.782,379.789,394.92,406.946,419.175,432.223,445.234,461.796,475.685,491.753,507.535,526.793,548.422,568.204,590.875,613.348,637.257,664.784,686.54,706.678,730.451,751.823,773.514,791.782,807.364,820.015,824.826,831.876,838.368,848.437,863.083,889.26
29,315.171,330.477,346.042,360.705,376.18,389.979,401.702,413.755,427.049,441.883,458.948,474.449,488.864,505.124,524.61,545.342,565.461,587.129,610.948,634.167,660.318,680.817,701.052,723.97,744.495,764.921,786.73,800.211,810.313,817.978,827.371,831.961,844.426,859.018
30,295.635,311.645,327.273,342.109,357.197,371.402,384.889,396.437,408.712,423.707,439.005,457.556,471.479,486.347,502.832,521.477,542.513,561.685,584.614,607.778,629.568,654.342,674.938,694.273,716.276,735.448,759.653,779.181,789.927,803.06,813.232,820.572,827.754,840.172
31,279.116,292.276,308.568,323.5,338.715,352.602,366.497,379.792,391.54,405.401,420.81,437.5,454.526,468.873,483.954,499.662,518.594,538.719,559.08,581.394,603.083,623.451,648.298,667.948,686.342,706.919,730.04,751.849,768.488,782.395,798.119,806.141,816.178,823.338
32,262.421,275.907,289.329,304.954,320.22,334.301,347.883,361.579,375.036,388.252,402.488,419.182,434.433,451.828,466.371,480.729,496.713,514.793,536.013,555.804,576.639,596.882,617.34,641.199,659.892,676.856,701.418,722.114,740.978,760.785,777.308,790.823,801.58,811.578
33,245.182,259.353,273.064,285.87,301.78,315.977,329.754,343.136,356.963,371.757,385.306,400.733,416.061,431.658,449.205,463.072,477.689,492.88,511.982,532.661,551.017,570.426,590.749,610.252,633.139,650.418,671.313,693.476,711.272,733.233,755.568,769.906,786.092,796.804
34,227.367,242.266,256.624,269.748,282.817,297.715,311.609,325.183,338.673,353.719,368.788,383.433,397.573,413.213,428.953,445.84,459.94,473.815,489.969,508.572,527.869,544.865,564.346,583.746,602.334,623.835,644.867,663.477,682.844,703.598,727.949,748.13,765.049,781.158
35,210.247,224.603,239.652,253.447,266.793,278.93,293.522,307.206,320.861,335.462,350.735,366.792,380.218,394.65,410.407,425.538,442.608,456.008,470.775,486.479,503.809,521.833,538.901,557.52,576.061,593.385,618.319,637.225,653.254,675.33,698.277,720.579,743.153,759.983
36,194.977,207.632,222.113,236.622,250.596,263.063,274.921,289.293,303.033,317.695,332.482,348.65,363.54,377.232,391.77,406.953,422.251,438.629,452.852,467.207,481.786,497.985,516.053,532.352,550.196,567.603,587.996,610.995,627.58,646.022,670.012,691.091,715.544,737.989
37,180.966,192.506,205.27,219.241,233.891,247.035,259.222,270.884,285.283,299.93,314.742,330.342,345.401,360.512,374.297,388.302,403.625,418.279,435.383,449.222,462.604,476.219,492.452,509.832,525.466,542.328,562.359,581.097,602.045,620.68,640.757,663.082,686.049,710.354
38,167.186,178.625,190.257,202.551,216.637,230.5,243.363,255.35,267.043,282.253,297.015,312.555,327.112,342.362,357.529,370.817,384.948,399.656,414.983,431.697,444.709,457.285,470.934,486.584,503.382,518.197,537.238,555.867,572.888,595.491,615.444,634.123,658.031,680.851
39,154.248,164.976,176.485,187.68,200.077,213.429,227.009,239.664,251.659,264.107,279.393,294.807,309.364,324.085,339.369,354.05,367.446,381.002,396.318,411.288,427.277,439.622,452.22,465.39,480.553,496.661,513.259,531.133,548.325,566.695,590.285,609.087,629.087,652.833
40,142.127,152.159,162.944,174.04,185.321,197.042,210.121,223.483,236.123,248.791,261.316,277.176,291.664,306.354,321.095,335.914,350.666,363.52,377.635,392.607,406.985,422.407,434.756,446.962,459.748,474.359,491.847,507.514,524.22,542.446,561.538,584.197,604.041,623.9
41,161.874,140.162,150.239,160.636,171.799,182.455,193.925,206.791,220.115,233.348,246.065,259.127,274.106,288.7,303.391,317.69,332.556,346.776,360.138,373.933,388.423,402.364,417.739,429.772,441.674,454.047,469.691,486.441,501.201,518.651,537.324,555.758,579.165,598.861
42,149.274,159.746,138.349,148.064,158.516,169.093,179.514,190.79,203.606,217.449,230.701,243.891,256.156,271.207,285.783,300.051,314.381,328.736,343.397,356.457,369.869,384.017,397.906,412.992,424.784,436.379,449.502,464.589,480.624,495.9,513.574,531.783,550.785,574.006
43,138.42,147.261,157.722,136.298,146.055,155.963,166.311,176.549,187.779,201.06,214.891,228.551,240.991,253.335,268.344,282.514,296.79,310.635,325.379,339.729,352.482,365.628,379.703,393.359,408.217,419.774,431.895,444.609,459.147,475.502,490.844,508.175,526.817,545.663
44,130.956,136.516,145.347,155.465,134.401,143.653,153.344,163.509,173.7,185.356,198.612,212.789,225.734,238.224,250.541,265.151,279.309,293.119,307.307,321.746,335.821,348.363,361.429,375.299,388.771,403.415,415.324,427.134,439.435,454.165,470.431,485.486,503.216,521.695
45,123.917,129.12,134.687,143.206,153.314,132.133,141.178,150.691,160.8,171.372,183.004,196.563,210.054,223.019,235.465,247.426,261.998,275.705,289.815,303.707,317.908,331.796,344.248,357.144,370.853,384.165,398.973,410.654,422.157,434.549,449.074,465.031,480.509,498.077
46,115.356,122.147,127.348,132.648,141.159,150.804,129.795,138.67,148.121,158.566,169.108,181.018,193.933,207.413,220.309,232.406,244.343,258.472,272.436,286.252,299.95,314,327.767,340.077,352.847,366.434,379.771,394.394,405.865,417.345,429.428,443.654,460.023,475.355
47,108.445,113.668,120.428,125.379,130.692,138.782,148.208,127.426,136.237,145.986,156.385,167.175,178.497,191.386,204.772,217.321,229.373,240.914,255.254,268.924,282.59,296.189,310.097,323.733,335.952,348.661,362.092,375.348,389.837,401.145,412.194,424.042,438.644,454.848
48,104.939,106.811,112.012,118.512,123.465,128.417,136.308,145.543,125.11,134.185,143.881,154.491,164.736,176.032,188.819,201.856,214.337,226.002,237.75,251.79,265.363,278.986,292.428,306.234,319.795,332.016,344.378,357.831,371.094,385.223,395.959,406.875,419.005,433.453
49,102.987,103.318,105.197,110.166,116.633,121.247,126.042,133.762,142.9,123.136,132.153,142.032,152.126,162.342,173.545,185.994,198.938,211.034,222.869,234.354,248.344,261.93,275.376,288.757,302.52,316.125,327.795,340.299,353.889,366.638,380.013,390.742,401.793,413.791
50,99.8,101.35,101.696,103.394,108.341,114.462,118.922,123.591,131.222,140.54,121.169,130.344,139.743,149.792,159.917,170.809,183.154,195.715,207.942,219.508,231.028,245.08,258.471,271.885,285.261,299.119,311.95,323.872,336.653,349.559,361.438,374.893,385.593,396.519
51,96.495,98.169,99.71,99.905,101.613,106.25,112.195,116.533,121.153,128.954,138.173,119.417,128.146,137.493,147.438,157.274,168.072,180.051,192.701,204.648,216.301,227.975,241.803,255.192,268.632,282.162,295.04,308.208,320.54,332.488,344.391,356.497,369.71,380.283
52,93.566,94.867,96.526,97.905,98.122,99.588,104.07,109.866,114.155,118.965,126.68,135.989,117.314,125.985,135.228,144.89,154.635,165.101,177.145,189.503,201.591,213.458,224.926,238.781,252.235,265.889,278.216,291.544,305.246,316.571,327.389,339.656,351.347,364.389
53,92.047,91.93,93.215,94.718,96.094,96.105,97.47,101.827,107.541,111.999,116.764,124.569,133.46,115.239,123.806,132.78,142.341,151.777,162.306,174.065,186.604,198.956,210.595,222.161,236.105,249.828,262.067,274.955,288.944,301.448,311.535,322.851,334.517,346.05
54,90.839,90.386,90.27,91.412,92.904,94.065,94.001,95.299,99.594,105.424,109.835,114.719,122.153,130.954,113.153,121.466,130.337,139.598,149.089,159.353,171.342,184.177,196.274,208.031,219.748,233.991,246.131,259.011,272.666,285.318,296.482,307.165,317.741,329.239
55,88.209,89.141,88.69,88.462,89.592,90.88,91.946,91.839,93.129,97.547,103.291,107.807,112.392,119.748,128.421,110.912,119.122,127.709,137.002,146.243,156.795,169.118,181.672,193.894,205.814,217.901,230.411,243.253,256.979,269.187,280.436,292.241,302.061,312.479
56,85.089,86.491,87.396,86.847,86.627,87.569,88.762,89.764,89.674,91.127,95.481,101.282,105.521,110.073,117.316,125.731,108.665,116.607,125.214,134.256,143.825,154.763,166.795,179.473,191.859,204.167,214.446,227.696,241.444,253.629,264.392,276.328,287.137,296.803
57,81.336,83.358,84.72,85.507,84.967,84.597,85.452,86.579,87.572,87.658,89.101,93.524,99.033,103.235,107.724,114.736,123.021,106.259,114.211,122.576,131.97,141.963,152.623,164.798,177.636,190.417,200.804,211.908,226.108,238.227,248.911,260.413,271.25,281.876
58,77.319,79.589,81.554,82.793,83.558,82.887,82.458,83.256,84.367,85.496,85.599,87.161,91.336,96.767,100.906,105.224,112.124,120.134,103.952,111.671,120.417,130.257,139.976,150.811,163.161,176.396,187.142,198.389,210.538,223.011,233.518,244.96,255.355,265.997
59,73.797,75.555,77.758,79.589,80.79,81.403,80.686,80.229,81.018,82.25,83.365,83.607,85.003,89.121,94.452,98.427,102.682,109.338,117.32,101.498,109.628,118.85,128.402,138.32,149.362,162.129,173.22,184.849,197.18,207.565,218.203,229.442,239.913,250.109
60,70.243,71.99,73.684,75.75,77.525,78.571,79.107,78.371,77.937,78.841,80.055,81.274,81.397,82.799,86.84,91.977,95.89,99.964,106.601,114.327,99.554,108.184,117.114,126.869,137.016,148.51,159.048,171.039,183.775,194.262,202.591,213.879,224.389,234.642
61,65.738,68.405,70.081,71.653,73.65,75.26,76.217,76.704,75.999,75.703,76.593,77.897,78.984,79.144,80.538,84.417,89.45,93.192,97.294,103.698,111.84,98.212,106.548,115.687,125.663,136.276,145.522,156.973,170.062,180.901,189.106,198.037,208.845,219.119
62,60.896,63.894,66.462,68.015,69.528,71.358,72.862,73.757,74.236,73.669,73.396,74.374,75.556,76.648,76.835,78.142,81.946,86.775,90.537,94.469,101.316,109.94,96.674,105.223,114.585,125.019,133.37,143.553,156.108,167.255,175.676,184.37,193.06,203.608
63,56.465,59.051,61.934,64.352,65.839,67.202,68.92,70.343,71.216,71.788,71.251,71.098,71.977,73.159,74.247,74.39,75.695,79.33,84.13,87.729,92.17,99.527,107.815,95.454,104.23,114.055,122.185,131.494,142.816,153.397,162.081,170.886,179.403,187.873
64,52.648,54.623,57.099,59.821,62.14,63.48,64.745,66.372,67.752,68.695,69.258,68.846,68.642,69.528,70.702,71.722,71.899,73.119,76.749,81.346,85.461,90.476,97.519,105.989,94.565,103.804,111.311,120.393,130.854,140.207,148.362,157.34,165.96,174.244
65,49.348,50.795,52.674,55,57.605,59.75,60.992,62.179,63.751,65.172,66.089,66.73,66.291,66.133,67.02,68.126,69.149,69.286,70.571,74.033,79.1,83.787,88.548,95.794,104.453,94.21,101.141,109.595,119.808,128.312,135.319,143.715,152.473,160.838
66,46.327,47.492,48.859,50.609,52.831,55.252,57.266,58.428,59.575,61.172,62.546,63.518,64.102,63.717,63.6,64.433,65.538,66.494,66.727,67.93,71.876,77.449,81.885,86.901,94.347,103.403,91.652,99.497,109.04,117.335,123.601,130.816,139.003,147.484
67,43.685,44.478,45.573,46.832,48.498,50.555,52.834,54.739,55.858,57.04,58.582,59.983,60.891,61.484,61.15,61.024,61.865,62.905,63.92,64.112,65.856,70.311,75.597,80.274,85.538,93.38,100.243,90.1,98.981,106.683,112.834,119.266,126.315,134.23
68,40.833,41.821,42.559,43.557,44.751,46.278,48.21,50.367,52.195,53.344,54.487,56.039,57.362,58.263,58.865,58.537,58.457,59.247,60.337,61.282,62.032,64.341,68.548,74.014,78.924,84.623,90.379,98.032,89.617,96.726,102.37,108.643,114.938,121.741
69,37.633,38.968,39.894,40.553,41.496,42.575,44.002,45.826,47.89,49.707,50.817,51.98,53.449,54.742,55.635,56.204,55.931,55.847,56.69,57.711,59.152,60.473,62.62,67.022,72.655,77.968,81.746,88.264,96.801,87.445,92.567,98.32,104.473,110.537
70,34.616,35.773,37.033,37.873,38.492,39.334,40.333,41.676,43.419,45.451,47.194,48.317,49.418,50.847,52.109,52.955,53.538,53.272,53.28,54.068,55.549,57.496,58.698,61.103,65.686,71.64,75.135,79.684,87.046,93.94,83.405,88.64,94.302,100.214
71,31.92,32.779,33.867,35.025,35.818,36.356,37.13,38.066,39.348,41.067,43.008,44.726,45.787,46.861,48.246,49.443,50.285,50.837,50.667,50.662,51.888,53.833,55.633,57.112,59.756,64.657,68.856,73.063,78.451,84.288,89.149,79.619,84.789,90.216
72,29.361,30.101,30.905,31.901,32.996,33.701,34.189,34.911,35.805,37.079,38.722,40.616,42.234,43.264,44.31,45.618,46.789,47.587,48.186,48.018,48.462,50.128,51.926,53.949,55.684,58.696,61.979,66.787,71.766,75.78,79.703,84.584,75.936,80.877
73,26.388,27.548,28.24,28.97,29.91,30.9,31.55,32.001,32.691,33.592,34.813,36.416,38.196,39.745,40.743,41.729,42.998,44.104,44.929,45.491,45.753,46.646,48.183,50.18,52.406,54.518,56.087,59.964,65.434,69.115,71.391,75.343,80.321,72.189
74,23.327,24.634,25.719,26.347,27.036,27.881,28.798,29.402,29.836,30.541,31.407,32.605,34.106,35.799,37.279,38.215,39.175,40.369,41.476,42.249,43.171,43.862,44.67,46.395,48.572,51.11,51.913,54.106,58.619,62.823,64.885,67.177,71.299,76.021
75,20.893,21.651,22.874,23.867,24.462,25.074,25.853,26.706,27.282,27.743,28.421,29.28,30.397,31.82,33.427,34.81,35.714,36.618,37.798,38.83,39.926,41.208,41.829,42.855,44.751,47.211,48.48,49.905,52.772,56.115,58.763,60.723,63.334,67.228
76,18.783,19.281,19.989,21.107,22.04,22.567,23.129,23.852,24.657,25.246,25.695,26.372,27.166,28.228,29.574,31.068,32.383,33.227,34.126,35.225,36.541,37.961,39.136,39.972,41.195,43.364,44.61,46.438,48.535,50.366,52.302,54.713,57.028,59.484
77,16.955,17.23,17.699,18.341,19.384,20.222,20.707,21.23,21.911,22.705,23.271,23.729,24.348,25.104,26.109,27.356,28.764,29.984,30.819,31.654,33.017,34.625,35.925,37.265,38.3,39.826,40.828,42.612,45.054,46.184,46.782,48.515,51.184,53.355
78,14.684,15.446,15.71,16.13,16.736,17.673,18.443,18.893,19.386,20.059,20.811,21.373,21.786,22.375,23.09,24.015,25.187,26.486,27.657,28.43,29.541,31.184,32.654,34.101,35.596,36.941,37.344,38.893,41.287,42.734,42.719,43.266,45.186,47.675
79,12.236,13.277,13.983,14.218,14.618,15.154,16.01,16.719,17.144,17.639,18.276,19.004,19.506,19.902,20.457,21.109,21.979,23.054,24.288,25.364,26.41,27.815,29.31,30.906,32.489,34.249,34.482,35.474,37.642,39.037,39.333,39.383,40.106,41.891
80,10.551,10.972,11.926,12.559,12.79,13.138,13.627,14.41,15.066,15.496,15.966,16.582,17.23,17.705,18.08,18.58,19.193,19.984,21.002,22.13,23.447,24.782,26.051,27.662,29.367,31.196,31.807,32.64,34.286,35.466,35.725,36.121,36.309,36.984
81,9.038,9.379,9.772,10.619,11.205,11.402,11.718,12.165,12.88,13.514,13.921,14.38,14.919,15.524,15.966,16.3,16.768,17.317,18.071,18.994,20.352,21.926,23.121,24.516,26.225,28.155,28.811,29.988,31.487,32.177,32.242,32.672,33.095,33.276
82,7.491,7.95,8.267,8.61,9.379,9.886,10.065,10.352,10.763,11.439,12.022,12.419,12.814,13.311,13.866,14.257,14.571,14.983,15.51,16.188,17.361,18.97,20.367,21.687,23.195,25.123,25.825,27.054,28.876,29.399,29.019,29.342,29.695,30.09
83,6.093,6.504,6.918,7.191,7.507,8.17,8.618,8.782,9.044,9.441,10.054,10.601,10.937,11.301,11.752,12.239,12.598,12.872,13.266,13.732,14.686,16.128,17.537,19.03,20.461,22.202,22.855,24.134,26.009,26.78,26.273,26.273,26.407,26.738
84,4.922,5.217,5.585,5.939,6.191,6.452,7.029,7.422,7.574,7.836,8.197,8.761,9.223,9.531,9.859,10.248,10.686,10.997,11.263,11.607,12.364,13.6,14.845,16.333,17.897,19.554,20.025,21.25,23.154,23.955,23.735,23.696,23.402,23.536
85,4.02,4.154,4.418,4.727,5.041,5.244,5.473,5.969,6.314,6.476,6.715,7.054,7.525,7.935,8.211,8.489,8.836,9.21,9.504,9.733,10.371,11.416,12.466,13.792,15.332,17.079,17.475,18.523,20.351,21.173,21.065,21.345,20.872,20.631
86,3.274,3.344,3.466,3.684,3.957,4.211,4.383,4.579,5.006,5.329,5.478,5.707,5.979,6.391,6.75,6.978,7.225,7.516,7.858,8.109,8.634,9.555,10.428,11.565,12.942,14.639,15.122,16.081,17.722,18.48,18.463,18.891,18.58,18.187
87,2.626,2.681,2.747,2.844,3.037,3.253,3.464,3.611,3.782,4.166,4.444,4.595,4.772,5.01,5.363,5.658,5.861,6.061,6.327,6.615,7.147,7.954,8.709,9.675,10.87,12.401,12.848,13.858,15.391,15.987,15.959,16.488,16.243,15.993
88,2.067,2.114,2.168,2.217,2.306,2.453,2.632,2.806,2.933,3.099,3.425,3.677,3.787,3.943,4.146,4.431,4.686,4.846,5.033,5.25,5.8,6.595,7.245,8.094,9.123,10.474,10.793,11.746,13.287,13.798,13.655,14.166,13.998,13.806
89,1.575,1.634,1.681,1.719,1.767,1.828,1.947,2.093,2.24,2.366,2.511,2.796,2.987,3.084,3.217,3.375,3.615,3.815,3.967,4.115,4.593,5.382,6.011,6.756,7.669,8.855,9.038,9.862,11.318,11.842,11.642,12.038,11.871,11.745
90,1.171,1.219,1.273,1.303,1.344,1.369,1.418,1.515,1.635,1.776,1.885,2.02,2.234,2.393,2.476,2.575,2.707,2.893,3.073,3.19,3.596,4.307,4.921,5.632,6.441,7.503,7.569,8.256,9.566,10.029,9.855,10.185,9.94,9.815
91,0.866,0.886,0.93,0.966,0.999,1.02,1.038,1.078,1.156,1.273,1.391,1.495,1.588,1.761,1.891,1.948,2.031,2.129,2.293,2.43,2.789,3.413,3.956,4.632,5.387,6.331,6.347,6.897,8.043,8.419,8.232,8.55,8.287,8.1
92,0.628,0.639,0.661,0.688,0.724,0.738,0.754,0.768,0.803,0.883,0.981,1.09,1.156,1.233,1.371,1.464,1.513,1.57,1.661,1.783,2.133,2.689,3.156,3.751,4.453,5.319,5.296,5.763,6.74,7.027,6.815,7.084,6.851,6.651
93,0.419,0.448,0.463,0.475,0.501,0.518,0.528,0.539,0.553,0.6,0.668,0.758,0.826,0.881,0.944,1.042,1.115,1.145,1.203,1.266,1.581,2.101,2.507,3.021,3.635,4.425,4.392,4.792,5.648,5.837,5.592,5.81,5.574,5.401
94,0.269,0.287,0.314,0.32,0.335,0.344,0.355,0.362,0.374,0.405,0.445,0.51,0.563,0.619,0.664,0.702,0.778,0.825,0.861,0.898,1.143,1.604,1.977,2.42,2.948,3.634,3.605,3.951,4.696,4.841,4.566,4.722,4.49,4.316
95,0.174,0.174,0.191,0.205,0.218,0.217,0.223,0.231,0.24,0.266,0.294,0.338,0.372,0.415,0.458,0.483,0.515,0.562,0.61,0.63,0.835,1.216,1.539,1.939,2.391,2.981,2.923,3.237,3.892,3.99,3.719,3.822,3.58,3.412
96,0.109,0.103,0.109,0.116,0.133,0.13,0.129,0.131,0.142,0.165,0.189,0.225,0.242,0.27,0.303,0.327,0.348,0.362,0.409,0.437,0.609,0.937,1.196,1.539,1.939,2.445,2.369,2.624,3.207,3.277,3.01,3.088,2.842,2.67
97,0.064,0.057,0.058,0.056,0.067,0.068,0.066,0.066,0.07,0.094,0.116,0.147,0.159,0.175,0.196,0.213,0.232,0.239,0.261,0.288,0.445,0.724,0.942,1.223,1.564,2.003,1.918,2.127,2.619,2.678,2.43,2.48,2.255,2.083
98,0.035,0.025,0.028,0.025,0.026,0.032,0.029,0.032,0.03,0.043,0.066,0.095,0.102,0.114,0.127,0.135,0.15,0.155,0.172,0.181,0.318,0.562,0.743,0.977,1.256,1.627,1.551,1.717,2.13,2.166,1.951,1.986,1.778,1.623
99,0.015,0.013,0.008,0.01,0.007,0.011,0.011,0.008,0.013,0.017,0.031,0.059,0.066,0.075,0.085,0.087,0.095,0.097,0.113,0.117,0.222,0.428,0.583,0.776,1.003,1.306,1.238,1.376,1.712,1.737,1.547,1.574,1.395,1.255
100,0.009,0.01,0.012,0.009,0.01,0.009,0.008,0.011,0.006,0.011,0.019,0.047,0.07,0.092,0.114,0.125,0.139,0.142,0.159,0.172,0.264,0.481,0.746,1.073,1.458,1.945,2.19,2.448,2.88,3.166,3.19,3.211,3.076,2.872
