age,1990,1991,1992,1993,1994,1995,1996,1997,1998,1999,2000,2001,2002,2003,2004,2005,2006,2007,2008,2009,2010,2011,2012,2013,2014,2015,2016,2017,2018,2019,2020,2021,2022,2023,2024
0,0.07051023,0.07175885,0.07294357,0.07382944,0.07426777,0.07424012,0.07368262,0.07266053,0.0711282,0.06895834,0.06651876,0.06375711,0.06081663,0.05770921,0.05465538,0.05161547,0.04881565,0.04619853,0.04391907,0.04194417,0.04042012,0.03911991,0.03811755,0.03725709,0.03639924,0.03562736,0.03485871,0.03414361,0.03346711,0.03281387,0.03224241,0.03193787,0.03097212,0.03043928,0.02979241
1,0.01607735,0.01653348,0.01696759,0.01730048,0.01745025,0.01744118,0.01721845,0.01681769,0.01624551,0.01538038,0.01445087,0.01348253,0.01247428,0.01152949,0.01059647,0.00969352,0.00895973,0.0082463,0.00768163,0.0071849,0.0067325,0.00633339,0.00601143,0.00584096,0.00560821,0.00546346,0.00530835,0.0051914,0.00514232,0.0050918,0.00604333,0.00615506,0.0049406,0.00493332,0.00482428
2,0.00983433,0.010133,0.01043635,0.01065398,0.01076933,0.01077212,0.0106502,0.01042625,0.01010004,0.00956889,0.00902093,0.00841916,0.00782702,0.00723658,0.00665864,0.00610498,0.00564567,0.00522217,0.00486835,0.00455754,0.00426666,0.00402368,0.00382358,0.00371409,0.00356666,0.00347131,0.00337183,0.00329948,0.00326484,0.0032344,0.00482674,0.00484659,0.00313887,0.00312809,0.00305905
3,0.00664689,0.00684341,0.0070437,0.0071822,0.00725212,0.00724869,0.00716061,0.00701543,0.00680628,0.00644524,0.00606248,0.00567992,0.00525977,0.00487392,0.00449405,0.00412799,0.00382291,0.00354116,0.00330761,0.00310119,0.00290768,0.00274767,0.00261643,0.0025428,0.00244509,0.00238117,0.00231359,0.00226575,0.00223933,0.00221793,0.00385902,0.00386923,0.00215218,0.00214341,0.00209611
4,0.00461818,0.00475066,0.00488968,0.00497948,0.00502649,0.00502183,0.00496022,0.00486955,0.00473724,0.00448955,0.00421535,0.0039767,0.00367507,0.00341805,0.0031662,0.00291958,0.00271427,0.00252294,0.00236716,0.00222277,0.00209136,0.00198164,0.0018933,0.00184243,0.0017756,0.00173125,0.00168333,0.00165007,0.00162965,0.00161379,0.00291784,0.0029239,0.00156488,0.00155845,0.00152406
5,0.00344284,0.00353677,0.00363476,0.00369661,0.00372823,0.00372321,0.00367601,0.00361116,0.00351701,0.00333268,0.00312009,0.00295777,0.00271832,0.00253671,0.00235654,0.00217711,0.00202794,0.00188516,0.00177427,0.00166701,0.00157259,0.00149257,0.00142917,0.0013922,0.00134436,0.00131228,0.0012767,0.00125249,0.00123608,0.00122383,0.00203609,0.00202951,0.00118575,0.00118109,0.00115498
6,0.00281674,0.0028939,0.00297701,0.00302711,0.00305725,0.00305459,0.00301912,0.00297089,0.0028983,0.00275096,0.00257413,0.0024527,0.00225582,0.00211036,0.0019664,0.00182156,0.00170097,0.00158515,0.00149586,0.00140632,0.00132918,0.00126303,0.00121088,0.00118042,0.00114258,0.00111569,0.00108586,0.00106544,0.00105162,0.00104141,0.00141073,0.00138628,0.00100761,0.00100364,0.00098152
7,0.00237964,0.00244631,0.00252136,0.00256544,0.00259776,0.00259907,0.00257517,0.00254044,0.00248437,0.00236384,0.0022175,0.00212127,0.00195819,0.0018376,0.00171841,0.0015973,0.00149598,0.00139874,0.00132383,0.00124593,0.0011803,0.00112355,0.00107903,0.00105304,0.00102134,0.00099771,0.00097176,0.00095379,0.00094188,0.00093314,0.00110986,0.0010666,0.00090165,0.00089812,0.00087834
8,0.00207677,0.0021357,0.00220352,0.00224244,0.00227492,0.00227831,0.00226109,0.00223432,0.00218852,0.00208547,0.00195675,0.00187935,0.00173724,0.00163404,0.00153138,0.00142657,0.00133838,0.00125378,0.00118805,0.0011198,0.00106203,0.00101179,0.00097223,0.00094933,0.00092287,0.00090154,0.00087841,0.00086216,0.00085161,0.00084395,0.001024,0.00096472,0.00081435,0.00081101,0.00079318
9,0.00188061,0.00193452,0.00199737,0.00203332,0.00206673,0.00207213,0.00206012,0.00203837,0.00199883,0.00190774,0.0017909,0.00172547,0.00159652,0.00150517,0.00141307,0.00131869,0.00123867,0.00116169,0.00110161,0.00103989,0.00098713,0.00094113,0.0009046,0.00088362,0.00086081,0.00084086,0.00081962,0.00080434,0.00079478,0.00078785,0.00097647,0.00090465,0.00075921,0.00075586,0.00073925
10,0.00176523,0.00181649,0.00187733,0.00191133,0.00194603,0.00195239,0.00194346,0.00192544,0.00189026,0.00180758,0.00169761,0.00164109,0.00152149,0.00143729,0.00135215,0.00126454,0.00118978,0.00111808,0.00106193,0.00100351,0.0009537,0.00091032,0.00087543,0.00085554,0.00083519,0.00081594,0.00079586,0.00078097,0.00077197,0.00076541,0.00096479,0.00088292,0.00073695,0.00073331,0.00071722
11,0.00170533,0.00175555,0.00181675,0.00184979,0.00188596,0.00189281,0.00188598,0.00187145,0.00184011,0.00176372,0.00165965,0.0016089,0.00149751,0.00141741,0.00133701,0.00125401,0.00118285,0.00111526,0.00106165,0.00100466,0.00095664,0.000915,0.00088115,0.00086188,0.00084265,0.00082366,0.00080423,0.00078945,0.00078065,0.00077417,0.0009832,0.00089284,0.00074531,0.00074121,0.00072503
12,0.00172038,0.0017717,0.00183539,0.00186983,0.00190983,0.00191877,0.00191525,0.00190298,0.00187327,0.00179935,0.00169729,0.00164853,0.00153906,0.00145972,0.00137975,0.00129701,0.00122554,0.001158,0.00110409,0.00104585,0.00099721,0.00095505,0.00092062,0.00090106,0.00088197,0.00086225,0.00084238,0.00082708,0.00081823,0.00081153,0.00102513,0.00092691,0.000781,0.00077656,0.00075967
13,0.00178685,0.0018409,0.00190965,0.00194715,0.00199373,0.0020064,0.00200834,0.0019994,0.0019715,0.00189916,0.00179703,0.00175135,0.00164068,0.00156078,0.00147964,0.00139548,0.00132173,0.00125296,0.0011975,0.00113505,0.00108426,0.00103996,0.001004,0.00098369,0.00096452,0.00094301,0.00092164,0.00090547,0.00089616,0.00088886,0.00109852,0.0009931,0.00085503,0.00085031,0.00083188
14,0.00191234,0.00197105,0.00204802,0.00208969,0.00214527,0.00216227,0.00217053,0.00216588,0.00213987,0.00206846,0.00196223,0.00192216,0.00180706,0.00172488,0.00164145,0.00155446,0.00147677,0.00140622,0.00134929,0.00127783,0.00122356,0.00117568,0.0011372,0.0011159,0.00109701,0.00107268,0.00104891,0.00103169,0.00102138,0.00101297,0.00121191,0.0011,0.00097427,0.00096921,0.00094829
15,0.00207921,0.00214453,0.00223342,0.00228151,0.00234995,0.00237345,0.00239136,0.00239337,0.00237063,0.00230123,0.00219308,0.00215886,0.00204064,0.00195554,0.00186967,0.00177935,0.00169677,0.00162471,0.00156651,0.0014822,0.00142351,0.00137107,0.0013297,0.00130721,0.00128809,0.00125987,0.00123285,0.00121431,0.00120271,0.00119286,0.0013787,0.00126017,0.00114723,0.00114177,0.00111725
16,0.00229499,0.00236631,0.00246528,0.00251895,0.00259735,0.00262564,0.00265028,0.00265672,0.00263513,0.00256542,0.00245264,0.0024217,0.00229293,0.00220523,0.00211598,0.00202102,0.00193255,0.00185638,0.00179738,0.00169946,0.00163703,0.00158066,0.00153698,0.00151358,0.00149389,0.00146232,0.00143237,0.00141306,0.00139969,0.00138798,0.00156169,0.0014357,0.00133591,0.00132995,0.00130172
17,0.0025288,0.00260999,0.00272593,0.00278931,0.00288453,0.00292118,0.00295806,0.00297242,0.00295405,0.00288568,0.00277471,0.00274353,0.00261456,0.00252058,0.00242624,0.00232522,0.00222931,0.00215044,0.00208904,0.00197359,0.0019049,0.0018425,0.00179491,0.00176986,0.00174828,0.00171165,0.00167759,0.00165657,0.00164198,0.00162863,0.0017972,0.00166195,0.00156801,0.00156161,0.00152882
18,0.00277787,0.00286944,0.00300313,0.00307625,0.00319001,0.00323577,0.00328605,0.00330927,0.00329422,0.00322748,0.00311409,0.00308764,0.00295576,0.00285596,0.00275709,0.00265017,0.00254658,0.00246521,0.00240307,0.00226608,0.002191,0.00212169,0.00206961,0.00204347,0.00202194,0.00197977,0.00194125,0.00191877,0.00190272,0.00188749,0.00203752,0.00190786,0.00181726,0.00181082,0.00177319
19,0.00302026,0.0031235,0.00327603,0.00336114,0.00349302,0.00354867,0.00361273,0.00364373,0.00362958,0.0035613,0.00344899,0.0034177,0.00328488,0.00317353,0.00306481,0.00294833,0.00283354,0.00274899,0.00268166,0.00252227,0.00243767,0.00235911,0.00230154,0.00227322,0.0022482,0.00219921,0.00215486,0.00213064,0.00211335,0.00209652,0.00220367,0.00210302,0.00201858,0.00201307,0.00197165
20,0.00326783,0.00338506,0.00356037,0.00365965,0.00381317,0.00388035,0.00396077,0.0040012,0.00398865,0.00391885,0.00380962,0.00377157,0.0036447,0.00351799,0.00339727,0.00326969,0.0031422,0.00305563,0.00298107,0.00279695,0.00270044,0.00261063,0.00254583,0.00251469,0.00248551,0.00242849,0.00237743,0.00235067,0.00233256,0.00231437,0.00237165,0.00230873,0.00222776,0.00222327,0.00217787
21,0.00349222,0.00362256,0.00381919,0.00393064,0.00410238,0.00417832,0.0042711,0.00431936,0.00430815,0.00423596,0.00412868,0.00408319,0.00396534,0.00382202,0.00368915,0.00355116,0.00341242,0.00332521,0.00324237,0.00303804,0.00293049,0.0028307,0.00275884,0.002725,0.00269168,0.00262775,0.00257098,0.00254175,0.00252287,0.0025035,0.00251999,0.00248946,0.00240963,0.00240582,0.00235732
22,0.00370634,0.0038517,0.00407333,0.00419963,0.00439699,0.00448649,0.00459902,0.00465825,0.00465147,0.00458002,0.00448126,0.00442848,0.0043318,0.00417219,0.00402706,0.00387853,0.00372809,0.00364032,0.0035458,0.00332327,0.00320243,0.00309067,0.00300934,0.00297181,0.00293521,0.00286293,0.00279982,0.00276613,0.00274785,0.00272811,0.00272945,0.00271199,0.00262275,0.00261916,0.00256699
23,0.00388979,0.00404933,0.00429497,0.00443578,0.00465846,0.0047616,0.00489438,0.00496474,0.00496359,0.00489423,0.00480989,0.00474681,0.00467812,0.00450349,0.00434755,0.00418984,0.00402936,0.00394211,0.00383612,0.00359863,0.00346548,0.0033432,0.00325308,0.00321188,0.00317139,0.0030915,0.00302292,0.00298446,0.00296745,0.00294791,0.00295224,0.00293387,0.00283078,0.00282683,0.00277109
24,0.00406053,0.00423391,0.00450324,0.00465852,0.00490637,0.00502343,0.00517712,0.00525906,0.00526411,0.00519778,0.00513027,0.00505679,0.00501933,0.00482993,0.00466357,0.00449751,0.00432765,0.00424235,0.00412424,0.00387312,0.00372775,0.0035951,0.00349648,0.00345173,0.00340717,0.00331969,0.00324573,0.00320251,0.00318698,0.00316785,0.00317558,0.00315621,0.00303866,0.00303431,0.00297485
25,0.00422251,0.00441032,0.00470487,0.00487487,0.00515025,0.00528231,0.00545906,0.00555433,0.00556705,0.00550568,0.00545429,0.00537526,0.00537395,0.00516974,0.00499397,0.00482076,0.00464231,0.00456161,0.00443146,0.00416565,0.0040074,0.00386345,0.00375533,0.00370725,0.00366039,0.0035646,0.00348501,0.00343669,0.00342298,0.00340445,0.00341646,0.00339607,0.00326158,0.00325677,0.0031933
26,0.00437809,0.00457905,0.00489678,0.00508136,0.00538307,0.00553065,0.00573131,0.00583996,0.0058605,0.00580503,0.00577482,0.00568793,0.00572291,0.00550643,0.00532211,0.00514273,0.00495618,0.00487969,0.00473649,0.00445911,0.00428874,0.00413413,0.00401762,0.00396631,0.00391614,0.00381214,0.00372696,0.00367369,0.00366205,0.00364436,0.00366043,0.00363906,0.0034878,0.00348261,0.00341546
27,0.00453732,0.00475167,0.00509365,0.00529287,0.00562076,0.00578324,0.00600735,0.00613032,0.00615972,0.00611135,0.00610541,0.00600985,0.00608606,0.0058568,0.00566527,0.00548112,0.005288,0.00521886,0.00506406,0.00477435,0.00459231,0.00442784,0.00430365,0.00424908,0.00419458,0.00408231,0.00399158,0.00393322,0.00392371,0.00390687,0.00392796,0.00390557,0.00373642,0.00373061,0.00365941
28,0.00471192,0.00493837,0.00530186,0.00551346,0.0058632,0.0060374,0.00627973,0.00641433,0.00645074,0.00640746,0.00641996,0.00631669,0.0064268,0.00618516,0.00598635,0.00579744,0.00559859,0.00553589,0.0053694,0.00507094,0.00487873,0.00470601,0.00457514,0.00451746,0.00445873,0.00433947,0.00424416,0.0041811,0.00417307,0.00415675,0.00418237,0.00415871,0.00397407,0.00396706,0.0038922
29,0.00487274,0.00511084,0.00549562,0.00571952,0.00609383,0.00628192,0.00654637,0.00669536,0.00674148,0.00670651,0.00673974,0.00663506,0.00678215,0.00653279,0.00633011,0.00613908,0.00593596,0.00588121,0.00570366,0.00539721,0.00519447,0.00501258,0.00487477,0.00481375,0.0047525,0.00462488,0.00452429,0.00445578,0.00445,0.00443449,0.00446503,0.00444018,0.00423712,0.00422917,0.00415032
30,0.00510041,0.00535173,0.0057597,0.00599571,0.00639153,0.00658976,0.00686973,0.00703008,0.00708322,0.00705237,0.00710135,0.0069896,0.00716946,0.00690603,0.00669609,0.00650019,0.00629188,0.00624474,0.00605527,0.00574093,0.00552773,0.00533786,0.00519351,0.00512875,0.00506226,0.00492725,0.00482198,0.00474812,0.00474368,0.00472833,0.00476391,0.00473742,0.00451822,0.00450816,0.00442516
31,0.0052439,0.00550472,0.0059304,0.00617558,0.00659024,0.00679841,0.00709443,0.00726642,0.00732798,0.00730392,0.00736787,0.00725744,0.00746864,0.00719848,0.00698619,0.00678991,0.00657982,0.00654169,0.00634319,0.00602433,0.00580321,0.00560672,0.00545707,0.00538985,0.00532195,0.00518052,0.0050713,0.00499295,0.00499037,0.00497569,0.00501602,0.00498823,0.00475344,0.00474194,0.0046563
32,0.00551525,0.00578977,0.00623931,0.006498,0.00693517,0.00715516,0.00746932,0.00765342,0.00772229,0.00770326,0.007787,0.00766817,0.00791059,0.00762848,0.00740878,0.00720753,0.00699152,0.00695973,0.00674688,0.00642206,0.00618999,0.00598506,0.00582937,0.0057579,0.0056834,0.00553376,0.00541901,0.0053349,0.00533372,0.00531932,0.00536449,0.00533491,0.00508296,0.00506981,0.00498022
33,0.00574874,0.00603553,0.00650734,0.00677774,0.00723526,0.00746567,0.00779644,0.0079929,0.00807015,0.00805739,0.00815951,0.00803746,0.0083127,0.00802043,0.00779636,0.00759331,0.00737432,0.00735283,0.0071279,0.00679842,0.00655734,0.00634546,0.00618484,0.00611008,0.00603061,0.00587349,0.00575395,0.00566495,0.00566504,0.00565091,0.0057017,0.00568529,0.00540127,0.00538625,0.00529328
34,0.00600348,0.00630359,0.0067999,0.00708321,0.00756329,0.00780535,0.00815476,0.00836531,0.00845248,0.00844722,0.00857124,0.00844567,0.00875838,0.00845584,0.00822803,0.00802406,0.00780269,0.00779375,0.00755669,0.00722168,0.00697156,0.00675295,0.00658755,0.00650967,0.00642484,0.00625967,0.00613515,0.00604122,0.00604293,0.00602902,0.00608639,0.00610329,0.00576479,0.00574768,0.0056508
35,0.00629854,0.00661327,0.00713604,0.00743411,0.00793947,0.00819544,0.00856688,0.00879306,0.00889112,0.0088945,0.00904451,0.00891445,0.0092659,0.00895394,0.00872167,0.00851628,0.00829122,0.00829384,0.00804137,0.00770221,0.00744117,0.00721413,0.00704361,0.00696131,0.00686945,0.00669429,0.00656311,0.00646315,0.00646694,0.00645342,0.00651705,0.00657364,0.00617253,0.006154,0.00605296
36,0.00657519,0.00690169,0.00744582,0.00775477,0.00827821,0.00854299,0.0089283,0.00916589,0.00927215,0.00928141,0.00944807,0.0093163,0.00969413,0.0093743,0.00913939,0.00893382,0.0087075,0.00872076,0.00845735,0.00811648,0.00784874,0.00761707,0.00744403,0.00735894,0.00726125,0.0070792,0.0069437,0.00683943,0.00684417,0.00683065,0.00689983,0.00698891,0.00653705,0.00651659,0.00641302
37,0.00685122,0.00718903,0.00775457,0.00807408,0.00861584,0.00888977,0.00928994,0.0095405,0.00965664,0.00967393,0.00985866,0.00972963,0.01013664,0.00981149,0.00957632,0.00937339,0.00914809,0.00917509,0.00890048,0.00856077,0.00828762,0.00805219,0.00787728,0.00778995,0.00768784,0.00749868,0.0073589,0.00725039,0.00725624,0.00724267,0.00731831,0.00741974,0.0069352,0.00691262,0.00680651
38,0.0071877,0.00753581,0.00811951,0.00844847,0.00900391,0.00928423,0.00969378,0.00995302,0.01007527,0.01009667,0.0102941,0.01016329,0.01058242,0.01025304,0.01001594,0.00981318,0.00958739,0.00962117,0.00933588,0.00899989,0.00872365,0.00848716,0.00831278,0.00822297,0.00811393,0.00791978,0.00777655,0.00766449,0.00767013,0.00765557,0.00775412,0.00781977,0.0073371,0.0073121,0.00720396
39,0.00746922,0.00782568,0.00842534,0.00876139,0.00933021,0.00961693,0.01003677,0.0103064,0.01043703,0.01046588,0.0106735,0.01055198,0.01098457,0.01065666,0.01042334,0.0102256,0.01000329,0.01004783,0.00975615,0.00942443,0.00914692,0.00891012,0.00873736,0.00864594,0.00853391,0.00833463,0.00818838,0.00807283,0.00807851,0.00806323,0.0082139,0.0081952,0.00773248,0.00770567,0.00759595
40,0.00789942,0.00823739,0.00885601,0.00920113,0.00978091,0.01007184,0.01049736,0.01077453,0.01091033,0.01094193,0.0111619,0.0110355,0.01147586,0.01114258,0.01090662,0.0107087,0.01048638,0.01053749,0.01023417,0.00990928,0.00963019,0.00939452,0.0092247,0.00913113,0.00900932,0.00880576,0.00865689,0.00853826,0.00854253,0.00852551,0.00874254,0.00861743,0.00818446,0.0081551,0.00804384
41,0.00813206,0.00847752,0.00907325,0.00942221,0.01001277,0.01031016,0.01074702,0.01103511,0.01118095,0.01122333,0.01145121,0.01134612,0.01179422,0.01147299,0.01124783,0.01106095,0.0108465,0.01090937,0.01060414,0.01028803,0.01001174,0.00977796,0.00961218,0.0095188,0.00939926,0.00919111,0.00903955,0.00891844,0.008923,0.00890494,0.00918837,0.00896345,0.00855028,0.00851997,0.00840909
42,0.00857583,0.008961,0.00957501,0.00988819,0.01048047,0.01077688,0.01121084,0.01150103,0.01164833,0.01168989,0.0119228,0.01181177,0.01224447,0.01192314,0.01169657,0.01150956,0.01129583,0.01135823,0.01104474,0.01074093,0.01046856,0.01024133,0.01008364,0.00998897,0.0098584,0.0096499,0.00949768,0.00937501,0.00937619,0.00935524,0.00968873,0.00939544,0.00899352,0.00895995,0.00884865
43,0.00884534,0.00924574,0.00991154,0.01022681,0.01079066,0.01109275,0.01153654,0.01183767,0.01199514,0.01204704,0.01229338,0.01219705,0.01263611,0.01232653,0.01211087,0.0119352,0.01173011,0.01180456,0.01148989,0.01119663,0.01092965,0.01070777,0.01055801,0.01046409,0.01033153,0.0101199,0.00996631,0.0098415,0.00984159,0.00981911,0.01020872,0.00995039,0.00944312,0.00940778,0.00929635
44,0.00920254,0.00962048,0.01031179,0.01067318,0.01123804,0.01151419,0.01196655,0.01227696,0.01244222,0.01250089,0.01276061,0.01266998,0.0131102,0.01280734,0.0125966,0.01242696,0.0122262,0.01230721,0.01198568,0.01170375,0.01144033,0.01122301,0.01108051,0.01098618,0.01084785,0.01063289,0.01047745,0.01035049,0.01034858,0.01032364,0.01078733,0.01067332,0.00993394,0.00989601,0.00978445
45,0.0096333,0.01006235,0.01078014,0.01116558,0.01177544,0.01204572,0.01248556,0.01280638,0.01298005,0.01304602,0.01332444,0.01323567,0.01367564,0.01338086,0.01317517,0.01301139,0.01281467,0.01290105,0.01257183,0.0123024,0.01204352,0.01183232,0.01169943,0.01160468,0.01145761,0.01123941,0.01108189,0.01095255,0.01094861,0.01092067,0.01146341,0.01153552,0.01051521,0.010474,0.01036136
46,0.00998923,0.01042559,0.01115612,0.01156404,0.01220088,0.01250319,0.01293788,0.01326198,0.01344535,0.01352076,0.01381228,0.0137366,0.0141766,0.01389416,0.01369784,0.01354375,0.01335413,0.01344891,0.01311623,0.01285885,0.01260626,0.01240159,0.01227821,0.01218464,0.01203506,0.01181414,0.01165551,0.01152423,0.01151853,0.01148824,0.0121026,0.01233567,0.01106533,0.0110215,0.01090789
47,0.01044555,0.01089444,0.01164011,0.01206449,0.01273266,0.01305681,0.01351447,0.01384742,0.01402625,0.01410984,0.01441736,0.01434812,0.01478225,0.01451133,0.01432142,0.01417392,0.01398845,0.01408667,0.01374721,0.01350316,0.01325575,0.01305732,0.01294453,0.0128508,0.01269421,0.01246984,0.01230908,0.01217526,0.01216681,0.01213336,0.01279707,0.01309703,0.01169178,0.01164487,0.01153046
48,0.01103921,0.01150473,0.01227125,0.01271353,0.01340596,0.01375495,0.01423464,0.01458956,0.01477622,0.01484143,0.01516184,0.01508852,0.01550768,0.01524115,0.01505013,0.01490181,0.01471453,0.01480887,0.01445795,0.01422427,0.01398004,0.01378687,0.01368319,0.01358812,0.01342013,0.01319278,0.01302988,0.01289319,0.01288084,0.01284301,0.01353977,0.01381307,0.01238355,0.01233227,0.0122169
49,0.01161423,0.01208866,0.01287581,0.01333816,0.01405614,0.01442576,0.01493519,0.0153053,0.01551977,0.0155922,0.0158949,0.01582827,0.016229,0.01597286,0.01578462,0.01563836,0.01545089,0.01554107,0.0151816,0.0149579,0.0147181,0.01453008,0.01443505,0.01433939,0.01416577,0.01393542,0.01377046,0.01363115,0.01361504,0.01357303,0.01429881,0.01450837,0.01309255,0.01303713,0.01292091
50,0.01242902,0.01290821,0.01371374,0.01420206,0.01494551,0.01533218,0.01586199,0.016245,0.01646872,0.01656689,0.01687219,0.01676622,0.01714097,0.01688316,0.01668713,0.01653419,0.01634075,0.01642086,0.01604491,0.01583295,0.01559644,0.015416,0.01533182,0.01523412,0.01504266,0.01481107,0.01464513,0.01450351,0.01448124,0.01443324,0.01517958,0.01530316,0.01393467,0.01387345,0.01375592
51,0.01291942,0.01339346,0.01419803,0.01469747,0.01547106,0.01588043,0.01643764,0.01683115,0.0170669,0.01718138,0.01751504,0.01743881,0.01775625,0.01751632,0.01732823,0.01718099,0.01699015,0.01706638,0.01668718,0.01648494,0.01625521,0.01607972,0.01600391,0.0159075,0.01571809,0.01548392,0.01531679,0.01517396,0.01514856,0.01509658,0.01584969,0.01588485,0.01457577,0.01451149,0.01439445
52,0.01383268,0.01430165,0.01510611,0.0156107,0.01639734,0.01682543,0.01739883,0.01779486,0.01802885,0.01814775,0.01849764,0.01843921,0.01871518,0.01842723,0.01823096,0.01807427,0.01787469,0.01792889,0.01753514,0.01734767,0.01712517,0.01696048,0.01689897,0.0168009,0.01659206,0.01635886,0.01619157,0.01604822,0.0160149,0.01595546,0.01669245,0.01664903,0.01541964,0.01534878,0.01523088
53,0.01453313,0.0149933,0.01579261,0.01629602,0.01709162,0.01753675,0.0181374,0.01854257,0.01877955,0.01890352,0.01927279,0.01922809,0.01951733,0.0192487,0.01900251,0.01884758,0.01864735,0.01868992,0.01828849,0.01811607,0.01790305,0.01774808,0.01769979,0.01760283,0.01738785,0.01715472,0.01698713,0.01684349,0.01680499,0.01674006,0.0174267,0.01732925,0.01618467,0.01610953,0.01599164
54,0.01538136,0.01584187,0.01663786,0.01713674,0.01793545,0.01838763,0.01900832,0.01942209,0.01966148,0.01978672,0.02016905,0.02012826,0.02038458,0.02018292,0.01994561,0.01972668,0.01952313,0.01955054,0.01913905,0.01898074,0.01877741,0.01863339,0.01860041,0.01850405,0.01827689,0.01804425,0.01787668,0.01773254,0.01768694,0.01761547,0.01821677,0.01808346,0.01704132,0.01696103,0.01684346
55,0.01623793,0.01670596,0.01751376,0.0180082,0.01881205,0.01927084,0.01991088,0.02033466,0.02058182,0.02071491,0.02111429,0.02107582,0.02131236,0.02114129,0.02096824,0.02076483,0.02048748,0.020509,0.02008816,0.01994243,0.01974815,0.01961442,0.01959632,0.01950113,0.01926442,0.01902973,0.01886106,0.01871586,0.0186638,0.01858576,0.01909672,0.01894064,0.01798803,0.01790281,0.01778564
56,0.01722009,0.01769481,0.01851352,0.0190099,0.01980927,0.02026693,0.02091663,0.02133977,0.02158418,0.0217205,0.02213372,0.02208854,0.02226622,0.02212711,0.02196926,0.02183469,0.02157152,0.02148557,0.02105235,0.02092409,0.0207396,0.02061775,0.02061763,0.0205225,0.02027179,0.02003704,0.01986723,0.01972145,0.0196611,0.01957471,0.02000799,0.01983507,0.01895527,0.0188649,0.01874726
57,0.01824662,0.01872822,0.01956739,0.02007265,0.02088228,0.02133901,0.02199945,0.02242648,0.02266795,0.02280704,0.02323743,0.02319806,0.02333268,0.02321226,0.02307121,0.02295625,0.02277603,0.02270027,0.02215249,0.02203881,0.0218636,0.02175169,0.02176805,0.02167371,0.0214128,0.02117595,0.02100422,0.02085639,0.02078858,0.02069434,0.02109838,0.02090826,0.02004658,0.0199507,0.01983244
58,0.0196656,0.02015244,0.0210116,0.0215301,0.02234814,0.02280374,0.02346006,0.02388128,0.02411036,0.02423461,0.02466849,0.02461653,0.02468668,0.02457194,0.02442041,0.02430868,0.02413682,0.0241332,0.02357201,0.02336217,0.0231922,0.0230894,0.02312014,0.02302304,0.02274047,0.02250196,0.0223277,0.02217687,0.02209755,0.02199274,0.02281314,0.02273537,0.02131797,0.02121428,0.02109522
59,0.02111826,0.02162474,0.0225069,0.02303764,0.02387895,0.02434307,0.02500877,0.02543004,0.02564963,0.02576144,0.02618414,0.02613099,0.02614856,0.02604252,0.02588293,0.0257609,0.02559546,0.02559675,0.02512461,0.02494224,0.02464656,0.02454822,0.02458901,0.02448806,0.02419229,0.0239484,0.02376891,0.02361317,0.02352387,0.02340855,0.02523361,0.02549798,0.02269714,0.02258612,0.02246664
60,0.02320747,0.02374479,0.02466857,0.02520923,0.02605414,0.02651581,0.02717125,0.02758642,0.02778471,0.02786454,0.02828339,0.0281724,0.0281131,0.02799832,0.02781819,0.0276723,0.02748736,0.0274839,0.02700967,0.02696627,0.0266885,0.02644887,0.02650775,0.0264006,0.02606078,0.02581529,0.02563303,0.02547267,0.02536747,0.02523736,0.0282822,0.02905649,0.02449236,0.02436935,0.0242487
61,0.02465725,0.02521262,0.02618436,0.02674746,0.02762595,0.02810842,0.02879983,0.02923657,0.02944222,0.02951711,0.02992083,0.02982203,0.0297047,0.02959676,0.02941965,0.02927038,0.02906998,0.02904844,0.0285863,0.02857799,0.02845083,0.02824157,0.02814487,0.02803345,0.02768824,0.02742941,0.02723746,0.02706887,0.02695635,0.02681742,0.03093815,0.03233823,0.02601685,0.02588942,0.02576818
62,0.02708561,0.02764943,0.02865549,0.02924802,0.03013902,0.03061486,0.03130078,0.03173626,0.03192925,0.03197615,0.03235708,0.03219936,0.03195889,0.03182259,0.03161047,0.03143521,0.03120755,0.03113595,0.03064198,0.03067209,0.03058501,0.03054631,0.03048343,0.03018969,0.02980071,0.02953691,0.0293377,0.0291625,0.02903218,0.02887667,0.033561,0.03563713,0.02803068,0.0278902,0.02776741
63,0.02934687,0.02992052,0.03095504,0.0315696,0.03250142,0.03299455,0.03369332,0.03413797,0.03433062,0.03436688,0.03472987,0.03454617,0.03419633,0.03403547,0.03378142,0.03357092,0.03331781,0.03320706,0.03268316,0.03270745,0.03264763,0.03265287,0.0327729,0.03250315,0.03189941,0.03162462,0.03141435,0.03122855,0.03108425,0.03091485,0.03574686,0.03848993,0.03001347,0.0298602,0.02973506
64,0.03183677,0.03245016,0.03351589,0.03414193,0.03510546,0.03562265,0.03634278,0.03679404,0.03698366,0.03700984,0.03736247,0.03715777,0.03669181,0.03650168,0.03620075,0.03593865,0.03564279,0.03549332,0.03494421,0.03495837,0.03489227,0.03493441,0.0351163,0.03502205,0.03442951,0.03393223,0.03371075,0.03351459,0.03335331,0.03316833,0.03807951,0.04144919,0.03221097,0.03204317,0.03191285
65,0.03460001,0.03527522,0.03640282,0.03704028,0.03802411,0.03855773,0.03930556,0.03977087,0.03995251,0.03996381,0.04030724,0.0400839,0.03949627,0.03927876,0.03892393,0.03860337,0.03824475,0.03803286,0.03745596,0.03746647,0.03738962,0.03743231,0.0376716,0.03761207,0.03718896,0.03671656,0.03625967,0.03605279,0.03587298,0.03566902,0.04062944,0.04458667,0.03465316,0.03447047,0.03433429
66,0.0367822,0.03745133,0.03858008,0.03919812,0.04013449,0.04063037,0.04135056,0.04180043,0.04196725,0.04194955,0.04223901,0.04203191,0.04139165,0.04116031,0.04077415,0.04041317,0.04001204,0.03975228,0.039172,0.03915801,0.03906948,0.03909042,0.03932089,0.03928223,0.03890124,0.0386352,0.03820122,0.03775057,0.03755625,0.0373377,0.04235909,0.04687227,0.03628094,0.03608768,0.03594858
67,0.03950953,0.04013752,0.04123773,0.04185196,0.04274409,0.04318634,0.04384978,0.04426197,0.04440575,0.04435692,0.04458699,0.0443664,0.04364353,0.04340374,0.04299169,0.0425842,0.04213351,0.0418092,0.04120207,0.04115899,0.0410666,0.04108046,0.04130645,0.0412486,0.04088331,0.04066067,0.04044104,0.04001875,0.03956228,0.03932604,0.04445863,0.04948872,0.0382307,0.03802468,0.03788248
68,0.04270308,0.04326671,0.04430588,0.04490306,0.04576264,0.046167,0.04675708,0.04711299,0.04721674,0.04713152,0.04730795,0.0470488,0.04623408,0.04597591,0.04553567,0.04508695,0.0445814,0.04418242,0.04354039,0.04344527,0.04332733,0.04333667,0.04356371,0.043482,0.04308283,0.04289306,0.04271312,0.04251807,0.04206735,0.04156882,0.04711043,0.05248202,0.04043522,0.04021348,0.0400687
69,0.04590931,0.04642854,0.04738807,0.04793889,0.04877204,0.049166,0.04971676,0.05002162,0.05008277,0.04995957,0.05007172,0.04982772,0.04893919,0.04866507,0.0482112,0.0477396,0.04720202,0.04674247,0.04606546,0.04590454,0.0457339,0.04570477,0.04592387,0.04582613,0.04541339,0.04520456,0.04504823,0.044894,0.04466577,0.04417342,0.05025509,0.05571964,0.0427496,0.04251123,0.04236374
70,0.05060768,0.05108641,0.05197035,0.05244116,0.05317025,0.05351153,0.05398875,0.05422706,0.05420928,0.05399426,0.05403594,0.05370773,0.0527129,0.05236822,0.05185202,0.05132211,0.05073477,0.05019768,0.04945955,0.04923089,0.04900355,0.04892779,0.04912797,0.04901223,0.04854148,0.04831823,0.0481423,0.04801664,0.04781721,0.04753791,0.05467895,0.05971778,0.04585451,0.04558689,0.04543233
71,0.05368244,0.05409495,0.05492553,0.05534108,0.05600371,0.05631071,0.05677925,0.05701408,0.05698698,0.05673683,0.05670338,0.05641559,0.05542675,0.05509123,0.05457138,0.05403965,0.05345183,0.05290834,0.05216605,0.05186892,0.05157897,0.05143069,0.05156775,0.0514198,0.05097429,0.0507342,0.05053062,0.0503849,0.05022461,0.04999323,0.05832171,0.06325704,0.04828644,0.04800695,0.04784662
72,0.05914788,0.05945573,0.06016574,0.06051785,0.06106125,0.06126138,0.06162332,0.06179325,0.06172519,0.06141068,0.06126827,0.06089326,0.05979805,0.05942737,0.05886291,0.05826605,0.05763095,0.05702611,0.05625765,0.05590946,0.05555147,0.05533372,0.05540578,0.05518903,0.05468631,0.05444464,0.05422544,0.05405234,0.05386249,0.05365461,0.06257219,0.06774365,0.05224987,0.05167548,0.05150786
73,0.0638867,0.06409594,0.06466773,0.06492488,0.06538864,0.06551569,0.06577271,0.06586865,0.06576674,0.06544247,0.06522824,0.06481873,0.06366539,0.06326642,0.06269587,0.06208048,0.06140942,0.06076758,0.05999835,0.05960643,0.05920012,0.05889989,0.05888098,0.05859328,0.05804791,0.05777284,0.05754448,0.05735419,0.05714097,0.05691613,0.06611678,0.07223116,0.05584531,0.0552816,0.05483394
74,0.06929308,0.06941469,0.0698367,0.06996876,0.07030266,0.07035968,0.07051363,0.07049716,0.07032127,0.06997242,0.06971743,0.06928747,0.06807572,0.06762138,0.06702116,0.06639316,0.06570455,0.06500983,0.06423102,0.06380062,0.06335754,0.06299785,0.06288081,0.0625103,0.06190893,0.06157129,0.06130617,0.06110341,0.06087443,0.06062472,0.06986927,0.07806495,0.05961479,0.05931729,0.05890199
75,0.07518645,0.07521935,0.07550103,0.07550254,0.07567089,0.07561504,0.07566828,0.07555107,0.07526778,0.07485771,0.07454148,0.0741196,0.0729072,0.07238274,0.0717266,0.07106389,0.07036821,0.06964501,0.06884397,0.06835808,0.06787688,0.067463,0.06725689,0.06679871,0.06613948,0.06573064,0.0653964,0.06515123,0.06491234,0.06464782,0.07375195,0.08426305,0.06361762,0.06337464,0.06326144
76,0.08097077,0.08089304,0.08103503,0.08092772,0.08093348,0.08074567,0.08067107,0.08047688,0.08012169,0.07962998,0.07923216,0.07882004,0.07768308,0.07714558,0.07644335,0.07573763,0.07502825,0.07430935,0.07352461,0.07297577,0.07245232,0.07199211,0.07171032,0.07119538,0.07049333,0.07000858,0.06960311,0.06928956,0.06901963,0.06875702,0.07760591,0.08997083,0.067671,0.06747543,0.0674481
77,0.0871087,0.08690985,0.08688238,0.08666591,0.08652015,0.08619388,0.08595293,0.08563916,0.08523004,0.08467316,0.08415257,0.08370139,0.08265767,0.08212891,0.08142663,0.08066563,0.07991055,0.07917638,0.07841914,0.07781841,0.07722574,0.07669471,0.07632507,0.07576387,0.07504948,0.07448179,0.07399019,0.0735963,0.07325803,0.0729681,0.08152266,0.09460485,0.07184081,0.071627,0.0716743
78,0.09491654,0.09456844,0.09434811,0.09398731,0.09366871,0.0932146,0.09278837,0.09231535,0.0918052,0.09118799,0.09058691,0.09002169,0.08904295,0.08849024,0.08782553,0.08706301,0.08625161,0.08546971,0.08470949,0.08406783,0.08343219,0.0828116,0.08233793,0.08173422,0.08100693,0.08038719,0.07980418,0.07931525,0.07888814,0.07852831,0.08708365,0.09988273,0.07735606,0.07710233,0.07715098
79,0.1018516,0.10131302,0.10088659,0.10038033,0.09986811,0.09930467,0.09873197,0.0981157,0.09748858,0.09677157,0.09613278,0.09550325,0.09460641,0.09398051,0.09335078,0.09265316,0.09186536,0.09104891,0.09026164,0.0895415,0.08887874,0.08819431,0.08758685,0.08693473,0.08622306,0.08557298,0.08493314,0.08435059,0.08382989,0.08340091,0.09240799,0.10456234,0.08216254,0.08189033,0.08193106
80,0.11117072,0.11043045,0.10973156,0.10905122,0.10831372,0.10760126,0.10687739,0.10614411,0.10540443,0.10454218,0.10382892,0.10313286,0.10240196,0.10163366,0.10097354,0.10031947,0.09961486,0.09884751,0.09802182,0.09717561,0.09644611,0.09571351,0.09499945,0.09427823,0.09355851,0.09288934,0.09221174,0.0915675,0.09093973,0.09041864,0.1000511,0.11136778,0.08902366,0.08873071,0.08875998
81,0.11874935,0.11800322,0.11727306,0.11654406,0.11579466,0.11508596,0.1143613,0.11365417,0.11292331,0.11199732,0.11121558,0.1104778,0.10976334,0.10896668,0.10822692,0.10754371,0.10687829,0.10618277,0.10536368,0.10442337,0.1036133,0.10284106,0.10213365,0.10139595,0.10061455,0.09990804,0.09920614,0.09852414,0.09783806,0.09723155,0.10733044,0.11789746,0.09559666,0.0952663,0.09529998
82,0.13188098,0.13102846,0.13025659,0.12945077,0.12860024,0.12784678,0.12708753,0.12634689,0.12561113,0.12463809,0.12377256,0.12292595,0.12213195,0.12131155,0.12051533,0.11971139,0.11897919,0.11829469,0.11751812,0.11654714,0.11562158,0.11473426,0.11396306,0.11320091,0.11237032,0.11157631,0.11080543,0.11006354,0.10930899,0.10861799,0.11860416,0.128679,0.10660746,0.10615126,0.10612926
83,0.14377043,0.14279826,0.14194069,0.14110906,0.1401892,0.13935917,0.13857476,0.13782524,0.1370781,0.13609414,0.13521612,0.13429989,0.13341148,0.13252078,0.13172644,0.13088041,0.13004151,0.1293106,0.12855986,0.12763901,0.12670817,0.12571373,0.1248493,0.12403765,0.12319311,0.12236972,0.12152606,0.12072541,0.11992629,0.11918839,0.12774548,0.13648906,0.11687408,0.11630081,0.1161858
84,0.15771209,0.1567176,0.15572744,0.15479335,0.15382426,0.15292077,0.1520454,0.15126764,0.1505076,0.14947064,0.14859294,0.14765271,0.14668314,0.14567574,0.1448074,0.14395282,0.14306113,0.14221382,0.14140181,0.14048651,0.13961074,0.1385975,0.13762436,0.13670858,0.13580038,0.1349589,0.13407551,0.13318866,0.13232202,0.13153898,0.13735466,0.14332709,0.12895536,0.12824208,0.12802303
85,0.17046986,0.16955983,0.16857868,0.1675293,0.16646176,0.16554073,0.16461163,0.16376765,0.16300672,0.16194049,0.16105506,0.16013394,0.15916559,0.15808452,0.15712595,0.1562133,0.15533237,0.15445622,0.15353851,0.15256329,0.15172424,0.15078454,0.14982121,0.14881586,0.14781646,0.14693442,0.14604654,0.14513168,0.14419612,0.14337037,0.14607726,0.14884035,0.14063963,0.13979839,0.13946476
86,0.18468422,0.18378833,0.18291067,0.18186969,0.18067058,0.17966758,0.17872967,0.17784674,0.17703286,0.17593205,0.17505633,0.17413366,0.17319601,0.17210952,0.17109271,0.17009045,0.16915717,0.16830753,0.16736111,0.16626824,0.16538938,0.16449533,0.16362119,0.16263081,0.16154198,0.16058482,0.15966141,0.15874278,0.15778554,0.15690865,0.15704182,0.15713523,0.15407495,0.15315404,0.15270008
87,0.19874176,0.19779145,0.19692933,0.19598809,0.19476952,0.19363687,0.19260425,0.19171813,0.19086208,0.18964457,0.1887665,0.18784688,0.18690317,0.18582982,0.184816,0.18374257,0.18270558,0.18180127,0.18086832,0.1797209,0.17872593,0.17778614,0.17696494,0.17605186,0.17496219,0.17391799,0.17291254,0.17194063,0.17097234,0.17007654,0.16908642,0.16802096,0.16709344,0.16611111,0.165578
88,0.2143987,0.21343815,0.21251485,0.21158049,0.21044201,0.20930768,0.20813229,0.20715338,0.20630293,0.20497242,0.20401372,0.20308521,0.20214631,0.2010417,0.20005803,0.19898194,0.19786704,0.19685995,0.19585724,0.19470315,0.19366366,0.19260238,0.19174953,0.19087589,0.18985124,0.18881109,0.18771802,0.18665562,0.18563362,0.18473187,0.18370584,0.1825637,0.18159244,0.18056851,0.17998836
89,0.22934328,0.22839897,0.2274892,0.22651611,0.22539243,0.22439011,0.2232293,0.22214552,0.22123425,0.21986601,0.21886836,0.2178813,0.2169686,0.21586902,0.21489819,0.2138763,0.2127815,0.21172391,0.21062884,0.20940684,0.20840021,0.20731608,0.20638808,0.2054974,0.20452699,0.20357268,0.20249881,0.20137285,0.20028348,0.1993599,0.19833307,0.19716534,0.19614612,0.19508897,0.19448347
90,0.24940664,0.24838911,0.24744334,0.24645028,0.24521878,0.2442148,0.24315137,0.24207765,0.24105381,0.23950061,0.23850065,0.23743776,0.23644077,0.23529668,0.23431654,0.23327525,0.23220308,0.23115241,0.22997338,0.22860175,0.22751625,0.22643492,0.22547309,0.22447166,0.22344234,0.22250685,0.22147486,0.22034952,0.21917405,0.21816507,0.21707775,0.21587462,0.2148145,0.21368522,0.21305426
91,0.26249003,0.26147723,0.26051879,0.25956341,0.25834763,0.25733455,0.25633105,0.25543229,0.25448977,0.25275262,0.25171124,0.250714,0.24972737,0.24852389,0.2475942,0.24659912,0.24556423,0.24460522,0.24346195,0.24201857,0.24084237,0.239745,0.2388639,0.23787687,0.23679119,0.23586818,0.23490388,0.23385683,0.23271672,0.23168038,0.23055214,0.22931157,0.22826347,0.22712383,0.22642819
92,0.28410058,0.28285203,0.28183381,0.28081882,0.27954335,0.27854561,0.27746696,0.27663998,0.27585629,0.27403686,0.27289631,0.27181869,0.27088292,0.26960312,0.26860623,0.26760335,0.26657364,0.26563611,0.26453767,0.26308784,0.26182025,0.26060924,0.25970345,0.25873724,0.25762948,0.25662404,0.25562506,0.25459022,0.2535012,0.25247642,0.25129262,0.24997793,0.24888498,0.24772782,0.2470163
93,0.3040011,0.30248314,0.30123175,0.30017101,0.29879226,0.29780033,0.29674891,0.29589529,0.29524834,0.29343065,0.29240224,0.29123388,0.29027311,0.28901456,0.28800804,0.28695049,0.28591089,0.28502073,0.28393659,0.28253369,0.28128885,0.28000025,0.27902583,0.27804068,0.27696371,0.27595193,0.27489706,0.27383975,0.27278071,0.27181567,0.27066102,0.26930854,0.26816413,0.26697711,0.26625818
94,0.32561665,0.32416473,0.32259002,0.32129186,0.31973667,0.31875341,0.31762314,0.31687273,0.31623692,0.31430894,0.31353505,0.31246206,0.31147294,0.31008388,0.30913101,0.30807709,0.30693852,0.30606028,0.30498079,0.30356098,0.30237997,0.30108812,0.30004275,0.29899343,0.29788139,0.29688296,0.29581066,0.29470472,0.29361814,0.29266647,0.29156416,0.29024953,0.28905992,0.28783079,0.28708327
95,0.34896972,0.34771174,0.34606787,0.34446079,0.34244095,0.34145946,0.34022867,0.33947969,0.33902559,0.33671408,0.33621127,0.33538845,0.33460927,0.33301945,0.33196864,0.33097173,0.3297793,0.32882882,0.32769328,0.3262404,0.3250485,0.32375953,0.32268586,0.32157764,0.3203901,0.31934354,0.31825566,0.31715209,0.3159926,0.3149884,0.31390174,0.31264399,0.31146476,0.31022214,0.3094473
96,0.37009566,0.36903846,0.36756159,0.36594082,0.36333482,0.36209143,0.36074961,0.3599032,0.35968145,0.35711338,0.35693317,0.356455,0.35615551,0.3545782,0.35344013,0.35234374,0.35120226,0.35027992,0.34901593,0.34753721,0.34633287,0.34498446,0.34391871,0.34281647,0.34160037,0.34050986,0.33939587,0.33834034,0.33717463,0.3361109,0.33502593,0.333821,0.33268764,0.33150768,0.33073733
97,0.39021407,0.38943765,0.38790407,0.38654735,0.38336747,0.38189692,0.37977381,0.3788678,0.37865155,0.37575513,0.37673907,0.37670947,0.37700524,0.37562208,0.37461639,0.37339522,0.37209963,0.37130664,0.36992294,0.36838991,0.36712813,0.36567616,0.36454625,0.36347251,0.36225476,0.36113644,0.35999076,0.35895428,0.35780413,0.35671457,0.35560764,0.35442693,0.35332667,0.35221954,0.3515215
98,0.4088534,0.40859863,0.40641492,0.40582031,0.40250932,0.4000459,0.39922395,0.39686233,0.39925027,0.39258205,0.39478567,0.39618528,0.39729129,0.39587834,0.39521384,0.39409738,0.39254563,0.39172069,0.39023444,0.3887151,0.38732436,0.38566192,0.38445937,0.38335313,0.38216601,0.3810459,0.37987151,0.37885472,0.37769491,0.37659034,0.37550135,0.37432253,0.37321566,0.3721702,0.37155993
99,0.43374725,0.43234426,0.43364731,0.42933636,0.43129584,0.422878,0.42742482,0.4249887,0.42931243,0.42120796,0.41781897,0.4210387,0.4243053,0.42242471,0.42204226,0.42121711,0.41962335,0.4187673,0.41695702,0.41554886,0.41408342,0.41205692,0.41078471,0.40972366,0.40852743,0.40745669,0.40629329,0.40532816,0.40418332,0.40307059,0.40202772,0.40092581,0.39980504,0.39880498,0.39827387
100,0.48952746,0.48816627,0.4918986,0.49023895,0.48691224,0.48864883,0.48673977,0.49159899,0.494268,0.48254466,0.48092426,0.47796281,0.48046309,0.47918535,0.47934354,0.47901725,0.47820193,0.47762444,0.47615522,0.47446137,0.47314984,0.47118792,0.46976083,0.46856983,0.46737032,0.46632042,0.46525056,0.4643563,0.46334494,0.46234395,0.46139895,0.46043851,0.45947448,0.45860947,0.46157539
